{
    "data_collection": {
        "min_liquidity_usd": 10000,
        "max_tokens": 1000,
        "default_time_period_days": 30,
        "price_intervals": ["1h", "4h", "1d"],
        "batch_size": 100
    },
    "rate_limits": {
        "birdeye_requests_per_minute": 60,
        "twitter_requests_per_15min": 450,
        "max_parallel_requests": 10
    },
    "analysis_thresholds": {
        "significant_price_change": 20.0,
        "minimum_daily_volume": 5000,
        "minimum_holder_count": 100,
        "social_score_weights": {
            "twitter": 2.5,
            "telegram": 2.0,
            "website": 3.0,
            "discord": 2.5
        }
    },
    "launch_analysis": {
        "success_threshold_roi": 100.0,
        "minimum_time_to_peak_hours": 1,
        "maximum_time_to_peak_hours": 168,
        "minimum_initial_liquidity": 5000,
        "social_presence_threshold": 2
    },
    "trend_detection": {
        "short_term_window": 24,
        "medium_term_window": 72,
        "long_term_window": 168,
        "volume_spike_threshold": 300,
        "price_momentum_threshold": 10.0
    },
    "social_metrics": {
        "engagement_rate_weight": 0.4,
        "follower_growth_weight": 0.3,
        "content_frequency_weight": 0.3,
        "minimum_engagement_rate": 1.0,
        "significant_follower_growth": 50
    },
    "risk_assessment": {
        "high_risk_volatility": 50.0,
        "medium_risk_volatility": 25.0,
        "low_liquidity_threshold": 20000,
        "concentrated_holding_threshold": 20.0
    },
    "pattern_recognition": {
        "price_pattern_window": 48,
        "volume_pattern_window": 24,
        "minimum_pattern_confidence": 0.8,
        "pattern_types": [
            "breakout",
            "accumulation",
            "distribution",
            "pump_and_dump"
        ]
    },
    "data_storage": {
        "snapshot_interval_hours": 4,
        "data_retention_days": 90,
        "compression_enabled": true,
        "backup_enabled": true
    },
    "reporting": {
        "default_top_n": 20,
        "minimum_data_points": 24,
        "chart_time_intervals": ["1h", "4h", "1d", "1w"],
        "metrics_to_track": [
            "price_change",
            "volume_change",
            "liquidity_change",
            "holder_change",
            "social_growth"
        ]
    },
    "alert_triggers": {
        "price_change_threshold": 15.0,
        "volume_spike_multiplier": 3.0,
        "liquidity_drop_threshold": 30.0,
        "social_mention_spike": 200
    }
}
